{
  "hash": "bd469a45",
  "configHash": "7d48bfab",
  "lockfileHash": "d0ff2f96",
  "browserHash": "868f4a4e",
  "optimized": {
    "@angular/cdk/overlay": {
      "src": "../../../../../../node_modules/@angular/cdk/fesm2022/overlay.mjs",
      "file": "@angular_cdk_overlay.js",
      "fileHash": "44ef3a1c",
      "needsInterop": false
    },
    "@angular/cdk/portal": {
      "src": "../../../../../../node_modules/@angular/cdk/fesm2022/portal.mjs",
      "file": "@angular_cdk_portal.js",
      "fileHash": "7e5db753",
      "needsInterop": false
    },
    "@angular/cdk/tree": {
      "src": "../../../../../../node_modules/@angular/cdk/fesm2022/tree.mjs",
      "file": "@angular_cdk_tree.js",
      "fileHash": "86827b32",
      "needsInterop": false
    },
    "@angular/common": {
      "src": "../../../../../../node_modules/@angular/common/fesm2022/common.mjs",
      "file": "@angular_common.js",
      "fileHash": "9e89fd0e",
      "needsInterop": false
    },
    "@angular/core": {
      "src": "../../../../../../node_modules/@angular/core/fesm2022/core.mjs",
      "file": "@angular_core.js",
      "fileHash": "4903c0e0",
      "needsInterop": false
    },
    "@angular/forms": {
      "src": "../../../../../../node_modules/@angular/forms/fesm2022/forms.mjs",
      "file": "@angular_forms.js",
      "fileHash": "90a1b00c",
      "needsInterop": false
    },
    "@angular/material/autocomplete": {
      "src": "../../../../../../node_modules/@angular/material/fesm2022/autocomplete.mjs",
      "file": "@angular_material_autocomplete.js",
      "fileHash": "f296f906",
      "needsInterop": false
    },
    "@angular/material/badge": {
      "src": "../../../../../../node_modules/@angular/material/fesm2022/badge.mjs",
      "file": "@angular_material_badge.js",
      "fileHash": "3aa933a9",
      "needsInterop": false
    },
    "@angular/material/button": {
      "src": "../../../../../../node_modules/@angular/material/fesm2022/button.mjs",
      "file": "@angular_material_button.js",
      "fileHash": "aac6f72a",
      "needsInterop": false
    },
    "@angular/material/button-toggle": {
      "src": "../../../../../../node_modules/@angular/material/fesm2022/button-toggle.mjs",
      "file": "@angular_material_button-toggle.js",
      "fileHash": "392e5958",
      "needsInterop": false
    },
    "@angular/material/card": {
      "src": "../../../../../../node_modules/@angular/material/fesm2022/card.mjs",
      "file": "@angular_material_card.js",
      "fileHash": "c17d7365",
      "needsInterop": false
    },
    "@angular/material/checkbox": {
      "src": "../../../../../../node_modules/@angular/material/fesm2022/checkbox.mjs",
      "file": "@angular_material_checkbox.js",
      "fileHash": "e38ea6f6",
      "needsInterop": false
    },
    "@angular/material/chips": {
      "src": "../../../../../../node_modules/@angular/material/fesm2022/chips.mjs",
      "file": "@angular_material_chips.js",
      "fileHash": "4b735a74",
      "needsInterop": false
    },
    "@angular/material/core": {
      "src": "../../../../../../node_modules/@angular/material/fesm2022/core.mjs",
      "file": "@angular_material_core.js",
      "fileHash": "583b01f6",
      "needsInterop": false
    },
    "@angular/material/datepicker": {
      "src": "../../../../../../node_modules/@angular/material/fesm2022/datepicker.mjs",
      "file": "@angular_material_datepicker.js",
      "fileHash": "0920b11d",
      "needsInterop": false
    },
    "@angular/material/divider": {
      "src": "../../../../../../node_modules/@angular/material/fesm2022/divider.mjs",
      "file": "@angular_material_divider.js",
      "fileHash": "5c457063",
      "needsInterop": false
    },
    "@angular/material/expansion": {
      "src": "../../../../../../node_modules/@angular/material/fesm2022/expansion.mjs",
      "file": "@angular_material_expansion.js",
      "fileHash": "19607acd",
      "needsInterop": false
    },
    "@angular/material/form-field": {
      "src": "../../../../../../node_modules/@angular/material/fesm2022/form-field.mjs",
      "file": "@angular_material_form-field.js",
      "fileHash": "ff766622",
      "needsInterop": false
    },
    "@angular/material/grid-list": {
      "src": "../../../../../../node_modules/@angular/material/fesm2022/grid-list.mjs",
      "file": "@angular_material_grid-list.js",
      "fileHash": "f7691ee4",
      "needsInterop": false
    },
    "@angular/material/icon": {
      "src": "../../../../../../node_modules/@angular/material/fesm2022/icon.mjs",
      "file": "@angular_material_icon.js",
      "fileHash": "ba87b419",
      "needsInterop": false
    },
    "@angular/material/input": {
      "src": "../../../../../../node_modules/@angular/material/fesm2022/input.mjs",
      "file": "@angular_material_input.js",
      "fileHash": "a325deef",
      "needsInterop": false
    },
    "@angular/material/list": {
      "src": "../../../../../../node_modules/@angular/material/fesm2022/list.mjs",
      "file": "@angular_material_list.js",
      "fileHash": "095c5171",
      "needsInterop": false
    },
    "@angular/material/menu": {
      "src": "../../../../../../node_modules/@angular/material/fesm2022/menu.mjs",
      "file": "@angular_material_menu.js",
      "fileHash": "b3a578af",
      "needsInterop": false
    },
    "@angular/material/paginator": {
      "src": "../../../../../../node_modules/@angular/material/fesm2022/paginator.mjs",
      "file": "@angular_material_paginator.js",
      "fileHash": "8015a8c4",
      "needsInterop": false
    },
    "@angular/material/progress-bar": {
      "src": "../../../../../../node_modules/@angular/material/fesm2022/progress-bar.mjs",
      "file": "@angular_material_progress-bar.js",
      "fileHash": "ea6d239d",
      "needsInterop": false
    },
    "@angular/material/progress-spinner": {
      "src": "../../../../../../node_modules/@angular/material/fesm2022/progress-spinner.mjs",
      "file": "@angular_material_progress-spinner.js",
      "fileHash": "0aff63c1",
      "needsInterop": false
    },
    "@angular/material/radio": {
      "src": "../../../../../../node_modules/@angular/material/fesm2022/radio.mjs",
      "file": "@angular_material_radio.js",
      "fileHash": "0f159eac",
      "needsInterop": false
    },
    "@angular/material/select": {
      "src": "../../../../../../node_modules/@angular/material/fesm2022/select.mjs",
      "file": "@angular_material_select.js",
      "fileHash": "26178715",
      "needsInterop": false
    },
    "@angular/material/sidenav": {
      "src": "../../../../../../node_modules/@angular/material/fesm2022/sidenav.mjs",
      "file": "@angular_material_sidenav.js",
      "fileHash": "1aa596c9",
      "needsInterop": false
    },
    "@angular/material/slide-toggle": {
      "src": "../../../../../../node_modules/@angular/material/fesm2022/slide-toggle.mjs",
      "file": "@angular_material_slide-toggle.js",
      "fileHash": "96197419",
      "needsInterop": false
    },
    "@angular/material/snack-bar": {
      "src": "../../../../../../node_modules/@angular/material/fesm2022/snack-bar.mjs",
      "file": "@angular_material_snack-bar.js",
      "fileHash": "ba0a3999",
      "needsInterop": false
    },
    "@angular/material/sort": {
      "src": "../../../../../../node_modules/@angular/material/fesm2022/sort.mjs",
      "file": "@angular_material_sort.js",
      "fileHash": "fb1b7609",
      "needsInterop": false
    },
    "@angular/material/table": {
      "src": "../../../../../../node_modules/@angular/material/fesm2022/table.mjs",
      "file": "@angular_material_table.js",
      "fileHash": "f38c6f2a",
      "needsInterop": false
    },
    "@angular/material/tabs": {
      "src": "../../../../../../node_modules/@angular/material/fesm2022/tabs.mjs",
      "file": "@angular_material_tabs.js",
      "fileHash": "3806ed36",
      "needsInterop": false
    },
    "@angular/material/toolbar": {
      "src": "../../../../../../node_modules/@angular/material/fesm2022/toolbar.mjs",
      "file": "@angular_material_toolbar.js",
      "fileHash": "264ddf58",
      "needsInterop": false
    },
    "@angular/material/tooltip": {
      "src": "../../../../../../node_modules/@angular/material/fesm2022/tooltip.mjs",
      "file": "@angular_material_tooltip.js",
      "fileHash": "2ebf6c17",
      "needsInterop": false
    },
    "@angular/material/tree": {
      "src": "../../../../../../node_modules/@angular/material/fesm2022/tree.mjs",
      "file": "@angular_material_tree.js",
      "fileHash": "a69f023f",
      "needsInterop": false
    },
    "@angular/platform-browser": {
      "src": "../../../../../../node_modules/@angular/platform-browser/fesm2022/platform-browser.mjs",
      "file": "@angular_platform-browser.js",
      "fileHash": "1c8019a2",
      "needsInterop": false
    },
    "@angular/platform-browser/animations/async": {
      "src": "../../../../../../node_modules/@angular/platform-browser/fesm2022/animations/async.mjs",
      "file": "@angular_platform-browser_animations_async.js",
      "fileHash": "f4c03128",
      "needsInterop": false
    },
    "@angular/router": {
      "src": "../../../../../../node_modules/@angular/router/fesm2022/router.mjs",
      "file": "@angular_router.js",
      "fileHash": "e4672909",
      "needsInterop": false
    },
    "firebase/app": {
      "src": "../../../../../../node_modules/firebase/app/dist/esm/index.esm.js",
      "file": "firebase_app.js",
      "fileHash": "6b716079",
      "needsInterop": false
    },
    "firebase/auth": {
      "src": "../../../../../../node_modules/firebase/auth/dist/esm/index.esm.js",
      "file": "firebase_auth.js",
      "fileHash": "b4ab4f95",
      "needsInterop": false
    },
    "rxjs": {
      "src": "../../../../../../node_modules/rxjs/dist/esm5/index.js",
      "file": "rxjs.js",
      "fileHash": "285a01d9",
      "needsInterop": false
    }
  },
  "chunks": {
    "browser-IWXKSFMO": {
      "file": "browser-IWXKSFMO.js"
    },
    "chunk-L2NFDERQ": {
      "file": "chunk-L2NFDERQ.js"
    },
    "chunk-3NOVE2TV": {
      "file": "chunk-3NOVE2TV.js"
    },
    "chunk-QMCRGEY7": {
      "file": "chunk-QMCRGEY7.js"
    },
    "chunk-2JBQIJ5K": {
      "file": "chunk-2JBQIJ5K.js"
    },
    "chunk-QGE3BJYG": {
      "file": "chunk-QGE3BJYG.js"
    },
    "chunk-NSYPKZGE": {
      "file": "chunk-NSYPKZGE.js"
    },
    "chunk-RANEWULC": {
      "file": "chunk-RANEWULC.js"
    },
    "chunk-EGTNVIJG": {
      "file": "chunk-EGTNVIJG.js"
    },
    "chunk-YXCTAH5B": {
      "file": "chunk-YXCTAH5B.js"
    },
    "chunk-LCN2NJQ2": {
      "file": "chunk-LCN2NJQ2.js"
    },
    "chunk-TA77IE7N": {
      "file": "chunk-TA77IE7N.js"
    },
    "chunk-VSWBU2LU": {
      "file": "chunk-VSWBU2LU.js"
    },
    "chunk-S5GDUUVE": {
      "file": "chunk-S5GDUUVE.js"
    },
    "chunk-5AGTDSY4": {
      "file": "chunk-5AGTDSY4.js"
    },
    "chunk-X27HKYHI": {
      "file": "chunk-X27HKYHI.js"
    },
    "chunk-CN7NKDCL": {
      "file": "chunk-CN7NKDCL.js"
    },
    "chunk-XG25NGES": {
      "file": "chunk-XG25NGES.js"
    },
    "chunk-FGTGOGG3": {
      "file": "chunk-FGTGOGG3.js"
    },
    "chunk-7GPR7GZV": {
      "file": "chunk-7GPR7GZV.js"
    },
    "chunk-TUUKO4V4": {
      "file": "chunk-TUUKO4V4.js"
    },
    "chunk-J5VREHIK": {
      "file": "chunk-J5VREHIK.js"
    },
    "chunk-I6S27ITP": {
      "file": "chunk-I6S27ITP.js"
    },
    "chunk-NTERNHDG": {
      "file": "chunk-NTERNHDG.js"
    },
    "chunk-5K356HEJ": {
      "file": "chunk-5K356HEJ.js"
    }
  }
}